trace,memory,mse,mape,rmse
0.01,3,0.06647166660034018,0.39523918609826175,0.2578209972060852
0.01,3.25,0.06171695525939505,0.38812276451673355,0.24842897427513372
0.01,3.5,0.056537644989578605,0.3788453508411221,0.23777646012500608
0.01,3.75,0.05147830793509651,0.36758068265339033,0.22688831599510917
0.01,4,0.047271599612584286,0.3597162254508182,0.21742032934522082
0.01,4.25,0.043076247903649806,0.34393228405502685,0.20754818212562068
0.01,4.5,0.03911443058813055,0.3317768793216502,0.19777368527721415
0.01,4.75,0.035596286565584945,0.31971379725926796,0.18866978180298227
0.01,5,0.03214104693869622,0.3114399963710284,0.17927924291087413
0.01,5.25,0.029332492003705905,0.2946679662212842,0.17126731154457323
0.01,5.5,0.02673789092779343,0.2835001189565538,0.16351724963377237
0.01,5.75,0.02465490073723558,0.2705723717885456,0.1570187910322697
0.01,6,0.02240680987598302,0.2583572669871086,0.14968904394104138
0.01,6.25,0.02086841160639693,0.24447314789633035,0.14445903089248843
0.01,6.5,0.018801254769497462,0.2339539433922891,0.13711766760522678
0.01,6.75,0.01746132014193312,0.22383671064003172,0.13214128855862242
0.01,7,0.01653251664743147,0.2173535656136978,0.1285788343679918
0.01,7.25,0.015455571956736794,0.21435870149904135,0.12432044062316057
0.01,7.5,0.013995994633683048,0.20920069640338443,0.11830466868929158
0.01,7.75,0.014181051676433088,0.21216021518419428,0.11908422093809527
0.01,8,0.013029095906697034,0.2113105625486654,0.11414506518766825
0.01,8.25,0.013088808927676946,0.21191056718504137,0.1144063325505933
0.01,8.5,0.012582246927769575,0.215403539096332,0.11217061525983342
0.01,8.75,0.012761203748974425,0.21922135505380766,0.11296549804685688
0.01,9,0.012886039805717283,0.21814979762224262,0.11351669395167076
0.01,9.25,0.013324811415628697,0.22280175898717583,0.11543314695367486
0.01,9.5,0.013619237157411392,0.2220311999058338,0.11670148738302949
0.01,9.75,0.01426584263241313,0.22563728664378593,0.11943970291495676
0.01,10,0.014379696706180702,0.222574467374137,0.11991537310195345
0.01,10.25,0.015621726674794962,0.22753713237737175,0.12498690601336991
0.01,10.5,0.016412871768325087,0.23386913927014413,0.1281127307035686
0.08,3,0.06102976453631594,0.37519748280009735,0.24704202989838783
0.08,3.25,0.05714974828647665,0.3655375552851772,0.23906013529335385
0.08,3.5,0.0523238887499873,0.35636702212573673,0.22874415566301864
0.08,3.75,0.04660474273949756,0.3390582689302519,0.2158813163279712
0.08,4,0.04187670332540229,0.3300366729513158,0.20463798114084855
0.08,4.25,0.03818897382662786,0.3191171175865079,0.19541999341579117
0.08,4.5,0.034160463547193584,0.3054759227176073,0.18482549485174815
0.08,4.75,0.031080105711324864,0.2918406728184869,0.1762955067814403
0.08,5,0.02828530535671293,0.27798008192886686,0.16818235744783971
0.08,5.25,0.025349161401778314,0.2658862194949396,0.15921419974920048
0.08,5.5,0.02328591459821594,0.25457150786977834,0.15259722998211972
0.08,5.75,0.02131412875446968,0.24314867953603184,0.14599359148424865
0.08,6,0.019709526072712032,0.23055680327137595,0.14039061960370441
0.08,6.25,0.018388975200015416,0.21785271747908716,0.13560595562148225
0.08,6.5,0.016788359173607343,0.20961645128670153,0.12956990072392333
0.08,6.75,0.016262452802224152,0.20772879570467143,0.12752432239468733
0.08,7,0.015410186287297789,0.2078172111281792,0.1241377713965326
0.08,7.25,0.014936438508938834,0.21320644755656853,0.12221472296306543
0.08,7.5,0.014594790092470129,0.21010155227407132,0.1208088990615763
0.08,7.75,0.014349511460413725,0.21274983850019166,0.11978944636491866
0.08,8,0.01404771154930898,0.21879656765020208,0.11852304227157258
0.08,8.25,0.014026486184631677,0.2175934872166823,0.11843346733348507
0.08,8.5,0.013890261022041894,0.217640756359,0.11785695152192718
0.08,8.75,0.013872909612619813,0.22252943255493804,0.11778331635940556
0.08,9,0.014396224096920977,0.22326934462467338,0.11998426603901437
0.08,9.25,0.014988427706884038,0.23134195030728272,0.12242723433486537
0.08,9.5,0.01557743161021664,0.22994191785451287,0.1248095814038996
0.08,9.75,0.01564827564670383,0.23222618966832845,0.1250930679402493
0.08,10,0.015923742251269857,0.2317638945166263,0.12618931116092938
0.08,10.25,0.0168233293342104,0.23199557479865943,0.12970477760749757
0.08,10.5,0.017251225661918813,0.23424913895471164,0.13134392129793754
0.15,3,0.05534856875535723,0.3538755265483682,0.2352627653398583
0.15,3.25,0.05012421483883927,0.33929095698795725,0.22388437828227156
0.15,3.5,0.0459271456898291,0.33034787032637813,0.2143061961069467
0.15,3.75,0.04199726467055673,0.32210666320099135,0.20493234169002394
0.15,4,0.03830715436485555,0.30617862248537314,0.19572213560263324
0.15,4.25,0.03417461639397225,0.297547514750745,0.18486377793924977
0.15,4.5,0.0314343556998756,0.28671748682440473,0.177297365180297
0.15,4.75,0.028103800885663544,0.27307372393017665,0.1676418828505083
0.15,5,0.025672962500102266,0.26112495923057477,0.1602278455827896
0.15,5.25,0.023355670570196354,0.2492227981169725,0.15282562144547737
0.15,5.5,0.020947931738673844,0.23651670688087192,0.1447340033947581
0.15,5.75,0.01990375043115013,0.227899272281814,0.14108065222116792
0.15,6,0.018192592226507417,0.21588226555233245,0.13487991780286426
0.15,6.25,0.016867237056234954,0.20750202075362192,0.1298739275460435
0.15,6.5,0.015996919974771824,0.20238740445938658,0.12647893095204366
0.15,6.75,0.01508759000442081,0.20105193285142264,0.122831551339307
0.15,7,0.015086202702195578,0.20200859307409944,0.12282590403573497
0.15,7.25,0.013975438267238863,0.20076705564478078,0.11821775783374874
0.15,7.5,0.013697410016030991,0.2047382320400752,0.11703593472105477
0.15,7.75,0.014008869438334093,0.20895142089965946,0.11835906994537466
0.15,8,0.013600344887878674,0.207609686212669,0.11662051658211206
0.15,8.25,0.013981883083715174,0.21555765057531462,0.11824501293380273
0.15,8.5,0.013929535805269214,0.2172366356469644,0.11802345447100425
0.15,8.75,0.014302950652258143,0.2191067558992343,0.11959494409153817
0.15,9,0.014594916263037747,0.22375814199474037,0.12080942125114973
0.15,9.25,0.01480278634981949,0.22091481150870113,0.12166670189423025
0.15,9.5,0.015127854265589515,0.22587539736604995,0.122995342454865
0.15,9.75,0.015451482700546942,0.2240141117734277,0.12430399309976708
0.15,10,0.016576945771471858,0.23777363333298643,0.1287514884242969
0.15,10.25,0.017186848546883,0.22914937509451233,0.1310986214530229
0.15,10.5,0.017625963088910887,0.23180707025530944,0.13276280762665005
0.22,3,0.04635920361390008,0.31589854020674146,0.21531187522730855
0.22,3.25,0.04236527150040102,0.30750161866353815,0.20582825729331
0.22,3.5,0.03936918346386994,0.3009816589494373,0.19841669149512078
0.22,3.75,0.03489060542405659,0.2851871773025974,0.18679027122432418
0.22,4,0.032130347509542696,0.2750738340676957,0.17924940030455527
0.22,4.25,0.0287643801119059,0.26470425498967526,0.1696006489135755
0.22,4.5,0.025699821105970425,0.2528901374394002,0.16031163746269458
0.22,4.75,0.023533539808431994,0.24174766249550955,0.15340645295564329
0.22,5,0.02157483613508772,0.2334643763118208,0.1468837504119762
0.22,5.25,0.01955962192163456,0.2227966688857279,0.13985571823001933
0.22,5.5,0.017930484847664466,0.21257373989262324,0.13390476036222337
0.22,5.75,0.017096151490587085,0.20982564172127555,0.13075225233466184
0.22,6,0.015893558166581775,0.1997913313728936,0.1260696560104047
0.22,6.25,0.015139834846584642,0.19641147106126478,0.12304403620893067
0.22,6.5,0.01450121159454853,0.19365126733304155,0.12042097655536817
0.22,6.75,0.01389594783010362,0.19676182982162285,0.1178810749446391
0.22,7,0.013760061012046992,0.193682429816652,0.11730328645032496
0.22,7.25,0.013194048209210097,0.19640347278702006,0.11486534816562433
0.22,7.5,0.013101364162096335,0.1991612873792745,0.11446119063724759
0.22,7.75,0.013453664818151394,0.2055924263872535,0.11598993412426525
0.22,8,0.013332637140442735,0.20407114029634116,0.11546703919492668
0.22,8.25,0.013791529069278278,0.2146095696706769,0.11743734103460568
0.22,8.5,0.014008568294911174,0.2174638852780109,0.11835779777822487
0.22,8.75,0.014149068478009575,0.2153202034637282,0.11894985699028636
0.22,9,0.014552962716592887,0.2191353763406646,0.12063566104843496
0.22,9.25,0.014854699402801206,0.2202795322587444,0.12187985642755413
0.22,9.5,0.015080041061758571,0.21805695346506837,0.12280081865263998
0.22,9.75,0.015822687151788414,0.22323120205861352,0.12578826317184133
0.22,10,0.016689124977802148,0.22817934476303706,0.12918639625673498
0.22,10.25,0.017286843656435267,0.22663159033646402,0.13147944195361977
0.22,10.5,0.017837608281267143,0.23466901481778948,0.13355750926573595
0.29,3,0.03629253095110951,0.2757494185837305,0.1905059866542506
0.29,3.25,0.032836628779581364,0.2648472062554541,0.18120879884702443
0.29,3.5,0.029376422998418805,0.25247303068934496,0.17139551627279753
0.29,3.75,0.02765207012357895,0.24948378987180267,0.16628911607071267
0.29,4,0.024832082241285573,0.23849384330359238,0.15758198577656513
0.29,4.25,0.0225897625554913,0.22900341965803628,0.1502989106929631
0.29,4.5,0.02031982011800113,0.22506571194333092,0.14254760649692133
0.29,4.75,0.018974842709092228,0.21528067634399747,0.13774920220855083
0.29,5,0.01775417474151251,0.20881578105394105,0.13324479254932445
0.29,5.25,0.016708697362425147,0.20517841774183002,0.12926212655849798
0.29,5.5,0.015461025939598335,0.20065459679990746,0.1243423738698853
0.29,5.75,0.014469543504429144,0.19251756477528592,0.12028941559600805
0.29,6,0.013742463660737612,0.18981039572559286,0.1172282545325043
0.29,6.25,0.013226633037470969,0.18881163358578065,0.11500709994374682
0.29,6.5,0.013312213609532044,0.18717845584719117,0.11537856650839463
0.29,6.75,0.013319909889300274,0.19491021784812013,0.1154119139833504
0.29,7,0.012828154102973017,0.19404952083730245,0.11326144137778318
0.29,7.25,0.012888647276434807,0.19682231282096252,0.11352817833663503
0.29,7.5,0.01318828913971992,0.20211899543581796,0.11484027664421538
0.29,7.75,0.013418133346272888,0.2014912493245547,0.115836666674559
0.29,8,0.013578055272172356,0.21313946976046771,0.11652491266751654
0.29,8.25,0.01356014727142377,0.2052440691801308,0.11644804537399402
0.29,8.5,0.014374100896198214,0.21656619628021073,0.11989203850213831
0.29,8.75,0.014168632007016086,0.2123779375482865,0.11903206293690825
0.29,9,0.014751509973937604,0.21719876478340264,0.12145579432014597
0.29,9.25,0.015108137525197497,0.21460302264471026,0.1229151639351203
0.29,9.5,0.015832112734463694,0.218711628489864,0.12582572365960665
0.29,9.75,0.01652943376004742,0.22487988089032523,0.12856684549310302
0.29,10,0.016874983727155245,0.2230755408039524,0.12990374793344203
0.29,10.25,0.0176849901651128,0.22853116938603413,0.13298492457836264
0.29,10.5,0.018043627602886136,0.23121765504176442,0.13432657072554982
0.36,3,0.024561662703228803,0.2263826859890533,0.15672160892240994
0.36,3.25,0.02283389019033165,0.2252561218141085,0.1511088686686908
0.36,3.5,0.021368183890744824,0.22096625003441075,0.1461786027116993
0.36,3.75,0.019766689660726176,0.21840791384376018,0.14059405983442605
0.36,4,0.018117095601352978,0.2108445034017505,0.13459976077747307
0.36,4.25,0.017616534321250425,0.2107012894120654,0.13272729305327682
0.36,4.5,0.016267511043816914,0.2039717011957343,0.1275441533109884
0.36,4.75,0.015977295036434976,0.20513775381679883,0.12640132529540574
0.36,5,0.015329265398031712,0.1994054668426479,0.12381141061320525
0.36,5.25,0.014739760458990264,0.19744095585250673,0.12140741517300442
0.36,5.5,0.014485424358038995,0.1955439157230958,0.12035540851178643
0.36,5.75,0.014997811346788553,0.20171833324671098,0.12246555167388319
0.36,6,0.014130400586756376,0.1952977375916252,0.1188713615079611
0.36,6.25,0.014327818363125537,0.1984040569386971,0.1196988653376695
0.36,6.5,0.014409095883497074,0.20164521737280833,0.12003789353157225
0.36,6.75,0.014176099605226476,0.20442658198573532,0.11906342681624142
0.36,7,0.014406969666974113,0.20778344391353948,0.12002903676600139
0.36,7.25,0.014956271389056275,0.21392003797411974,0.12229583553439698
0.36,7.5,0.01564182715447642,0.2212478760029293,0.12506729050585697
0.36,7.75,0.015595472186530783,0.21482920630755933,0.12488183289226172
0.36,8,0.015903445749391277,0.22327898429033677,0.1261088646741032
0.36,8.25,0.016221786255144553,0.2262041499108959,0.12736477635180204
0.36,8.5,0.016527273196442115,0.22404932834662528,0.1285584427271975
0.36,8.75,0.01679018119068435,0.22426790020555826,0.12957693155297492
0.36,9,0.01756755543153206,0.23047002494777216,0.13254265513989094
0.36,9.25,0.017509236830022264,0.22752272710546684,0.13232247288356677
0.36,9.5,0.018151903970931846,0.23077328687241663,0.1347290019666584
0.36,9.75,0.01878752250210056,0.23331407662992282,0.13706758370271419
0.36,10,0.01925304559491019,0.23810170107012824,0.13875534438323517
0.36,10.25,0.019830253166571103,0.2404081155997448,0.14081993170915508
0.36,10.5,0.02023874730830357,0.2450881135935586,0.14226295128494829
0.43,3,0.02080496530289293,0.22384813053390487,0.14423926408191678
0.43,3.25,0.02020539906101386,0.2225912714967981,0.1421456965968856
0.43,3.5,0.018856721376333135,0.21671320753682752,0.13731977780470347
0.43,3.75,0.018241689794612367,0.214036864878674,0.13506179990882827
0.43,4,0.017177886340720747,0.21212311938129735,0.1310644358349005
0.43,4.25,0.017287134366955333,0.21268882401073197,0.131480547485
0.43,4.5,0.017231727659852678,0.21525545552571948,0.13126967532470202
0.43,4.75,0.016566749597094668,0.2083439826073983,0.12871188599773786
0.43,5,0.0162006112724889,0.2095032070536148,0.12728162189604947
0.43,5.25,0.016297809016924302,0.2073587767964219,0.12766287250772757
0.43,5.5,0.015953966204227614,0.20639300197996036,0.1263090107800216
0.43,5.75,0.016011211036778706,0.2105973022792605,0.12653541416053732
0.43,6,0.016064078581848915,0.21665186830928979,0.12674414614430488
0.43,6.25,0.016024904897395005,0.2166130971609481,0.12658951337845883
0.43,6.5,0.01626590117112011,0.2159712122046777,0.12753784211409613
0.43,6.75,0.016705281605134674,0.22264208929519141,0.12924891336152375
0.43,7,0.01667740572389822,0.22151043945470741,0.12914103036563637
0.43,7.25,0.01690027357190155,0.22351110836212248,0.1300010521953632
0.43,7.5,0.016877664814986787,0.22405952163615442,0.12991406704043557
0.43,7.75,0.017016886044719078,0.22280779651782456,0.1304487870572934
0.43,8,0.017577618312928506,0.22680165976165226,0.13258061062209853
0.43,8.25,0.017807500141635332,0.22850589434367397,0.13344474565015788
0.43,8.5,0.017651054702544796,0.22586513875551548,0.1328572719219569
0.43,8.75,0.017973589361881107,0.2282368453418109,0.134065615882228
0.43,9,0.01868757345049293,0.23450189349438405,0.1367024997960642
0.43,9.25,0.01895170770612962,0.23344399038938005,0.13766520150760547
0.43,9.5,0.019630316559484697,0.23949328445438733,0.14010823159074093
0.43,9.75,0.019846128196202722,0.24041161514129894,0.14087628684843564
0.43,10,0.020572534798858205,0.2459039731086033,0.1434312894694118
0.43,10.25,0.021102513422644412,0.25161343895536364,0.14526704176324515
0.43,10.5,0.02134175760597025,0.2545941702287136,0.14608818434757223
0.5,3,0.016326349428969485,0.20759296910345282,0.1277746040063106
0.5,3.25,0.016481473981632588,0.20923293984343655,0.12838019310482668
0.5,3.5,0.016262728166009283,0.210067439579185,0.12752540204213936
0.5,3.75,0.015575946180909257,0.2045386447581508,0.12480363047968299
0.5,4,0.015471261664093332,0.207395595065145,0.12438352649805895
0.5,4.25,0.015148149821927534,0.20791897912327018,0.12307782018677262
0.5,4.5,0.015220257235546406,0.20966736576468575,0.12337040664416409
0.5,4.75,0.015455074087970871,0.20972834461942352,0.12431843824618644
0.5,5,0.015627715207944853,0.20962071949475033,0.12501086035998973
0.5,5.25,0.015423762507260205,0.20762171002749955,0.12419244142563671
0.5,5.5,0.015573005448423228,0.21367362747009194,0.12479184848548093
0.5,5.75,0.015604224606370622,0.21507044345694956,0.12491687078361602
0.5,6,0.01590504426629436,0.21648718258865834,0.1261152023599628
0.5,6.25,0.016333885421127944,0.22056559455450778,0.12780409000156429
0.5,6.5,0.01645006418283116,0.22519836837782903,0.1282578035942888
0.5,6.75,0.016253600566981264,0.21850312386036033,0.12748960964322256
0.5,7,0.01685601472449013,0.22163838699961605,0.12983071564344906
0.5,7.25,0.017017040444821264,0.22815527567845786,0.13044937885946895
0.5,7.5,0.017266487216431724,0.22703832624604697,0.1314020061354914
0.5,7.75,0.01771358003114526,0.23018138531444785,0.1330923740533065
0.5,8,0.01786232832637836,0.22935517850475806,0.13365002179714883
0.5,8.25,0.018165380095395974,0.23205679198645388,0.13477900465352893
0.5,8.5,0.01878405028742624,0.23876499353457614,0.13705491704943037
0.5,8.75,0.01868647377181024,0.23366756671839928,0.13669847757678297
0.5,9,0.019404919958958232,0.2425999163018188,0.1393015432755798
0.5,9.25,0.019825678125879653,0.2418146508239352,0.14080368647830088
0.5,9.5,0.020410342664558084,0.24565565713190962,0.14286477055088873
0.5,9.75,0.020787542593973397,0.24813514077989934,0.14417885626531166
0.5,10,0.02156924655576436,0.25497855057880575,0.14686472195787645
0.5,10.25,0.02205856270799946,0.26135892508299685,0.14852125338819175
0.5,10.5,0.022621772289501598,0.26556126982255585,0.15040535990948461
0.57,3,0.018381207276915397,0.24035063331505319,0.13557731106979293
0.57,3.25,0.0184169719258342,0.24400749617665302,0.1357091445917857
0.57,3.5,0.018515743471451497,0.24290964889684616,0.13607256693195546
0.57,3.75,0.018914917942907398,0.24495315743931154,0.13753151618050097
0.57,4,0.0184375631261377,0.24186290275926167,0.1357849885890841
0.57,4.25,0.01881869141454772,0.24392163794826405,0.1371812356503167
0.57,4.5,0.018797056505277406,0.24460005543928576,0.1371023577670253
0.57,4.75,0.01909839109086537,0.24819818990302536,0.13819692865930622
0.57,5,0.018917767563514563,0.2453171161510958,0.1375418756725186
0.57,5.25,0.01925196696048536,0.2490652933081725,0.1387514575076073
0.57,5.5,0.019294201643633487,0.2458050748358905,0.1389035695856427
0.57,5.75,0.019207369066591786,0.24161819784912889,0.13859065288320055
0.57,6,0.019736025666198125,0.24817253071990059,0.14048496597927526
0.57,6.25,0.019621434724820006,0.24326254026149904,0.14007653167044082
0.57,6.5,0.0199192811906989,0.24807303090087782,0.14113568361934165
0.57,6.75,0.019900835763130065,0.24393506640710155,0.1410703220494306
0.57,7,0.02052925719985432,0.24698129224501308,0.1432803447785296
0.57,7.25,0.0207481886475268,0.2509004165050994,0.14404231547544213
0.57,7.5,0.02086321714562495,0.24956411687456576,0.1444410507633649
0.57,7.75,0.021546472649014433,0.25540290861198317,0.1467871678622298
0.57,8,0.021274692275401713,0.2518821314471338,0.1458584665879966
0.57,8.25,0.021261694682453175,0.25333273373240145,0.14581390428369023
0.57,8.5,0.021405582830844455,0.25145214922349796,0.14630646886192167
0.57,8.75,0.022450944755933108,0.2600413055924642,0.14983639329593165
0.57,9,0.023025384912172767,0.2633499290150646,0.15174117737836612
0.57,9.25,0.02329331037028343,0.26672159361873476,0.15262146104098018
0.57,9.5,0.023588461630325748,0.27123158495630695,0.15358535617149752
0.57,9.75,0.02387665829204494,0.2725049098128888,0.15452073741749014
0.57,10,0.02455300567222574,0.2782016480300887,0.1566939873518628
0.57,10.25,0.024889938422213057,0.2803120981826165,0.1577654538300862
0.57,10.5,0.025480929871429383,0.2828495816663372,0.15962747217014175
0.64,3,0.017591295427953717,0.23431851225524203,0.13263218096658788
0.64,3.25,0.017669088523713725,0.23480758787438757,0.13292512374910065
0.64,3.5,0.0181500992746577,0.23853316520465345,0.13472230429538273
0.64,3.75,0.01755875524237767,0.232997330005938,0.13250945340758774
0.64,4,0.018439888076864048,0.23941276193813363,0.13579354946706435
0.64,4.25,0.018348596188771046,0.23928802942166996,0.1354569901805405
0.64,4.5,0.01850460777939129,0.24203659288014007,0.13603164256668848
0.64,4.75,0.018992314434965872,0.243621003482903,0.1378126062265926
0.64,5,0.01930488806603268,0.24598516897118258,0.13894203131533914
0.64,5.25,0.01933510914496869,0.2447912259955503,0.13905074305795237
0.64,5.5,0.019441143781327375,0.24285907558193687,0.13943150211242572
0.64,5.75,0.019676821110361974,0.24613570153888262,0.14027409279821407
0.64,6,0.020017502975665864,0.24778290912475637,0.1414832250680831
0.64,6.25,0.02005269714465806,0.24892978955613232,0.14160754621367486
0.64,6.5,0.02075065876588822,0.2544827020304459,0.14405088950051026
0.64,6.75,0.020695050155696285,0.25351262979073425,0.14385774277283891
0.64,7,0.020970182194653304,0.2550944805341209,0.14481084971318034
0.64,7.25,0.02098693160225597,0.2505351290092436,0.14486867018874705
0.64,7.5,0.021252762085222296,0.25238986197618185,0.14578327093745116
0.64,7.75,0.022350154989210533,0.2617752600658494,0.14949968223782462
0.64,8,0.02194555244118655,0.2600484391456373,0.14814031335590777
0.64,8.25,0.022738513110747902,0.2630210712045083,0.1507929478150351
0.64,8.5,0.022749889373258076,0.26544249289821925,0.1508306645654592
0.64,8.75,0.02345531232140715,0.27178890858252647,0.15315127267315526
0.64,9,0.02353935820763809,0.27189419454677105,0.15342541578121302
0.64,9.25,0.024645757076897132,0.28034936852574166,0.15698967187970403
0.64,9.5,0.02461693685632409,0.27802774164121535,0.1568978548493385
0.64,9.75,0.02554332693195091,0.285426221413982,0.15982279853622547
0.64,10,0.025898904423619765,0.28582518528066125,0.16093136556811966
0.64,10.25,0.0265336331968034,0.28965617730205195,0.16289147674695384
0.64,10.5,0.026909148811913555,0.29508911589223946,0.16404008294290012
0.71,3,0.018362847427343863,0.2440000341349612,0.13550958426378507
0.71,3.25,0.01878106530672805,0.24503560540109545,0.1370440268918279
0.71,3.5,0.018982753971499816,0.2486627464410827,0.1377779153982953
0.71,3.75,0.019080312763415132,0.2482022463100464,0.13813150532523394
0.71,4,0.01926946916014285,0.24932317801988416,0.13881451350684787
0.71,4.25,0.019682812952351594,0.2516824822630263,0.14029544879414868
0.71,4.5,0.01986853594752554,0.25224722289231,0.1409557943027726
0.71,4.75,0.02004089340746388,0.25219241478944826,0.14156586243676078
0.71,5,0.02011019556600686,0.2520127822356078,0.14181042121793044
0.71,5.25,0.02022950398648287,0.25057231398490853,0.1422304608249684
0.71,5.5,0.020613192383377135,0.25506255924838234,0.14357295143367757
0.71,5.75,0.020679189219996993,0.2541748823449824,0.14380260505288836
0.71,6,0.02141744184914835,0.26091725041573643,0.14634699125417083
0.71,6.25,0.021447458024637624,0.2615198043312462,0.1464495067408478
0.71,6.5,0.02213023268304102,0.2639936300463621,0.14876233623817897
0.71,6.75,0.022359488500947475,0.2664787295388356,0.1495308948042092
0.71,7,0.02253484462993488,0.267534550858911,0.15011610383278298
0.71,7.25,0.023342945406799202,0.2739918554720338,0.15278398282149605
0.71,7.5,0.023174355914683142,0.27213214540033487,0.15223125800795034
0.71,7.75,0.02359911997140508,0.2737047158740884,0.15362005068156007
0.71,8,0.023858313380391766,0.2756101847771536,0.154461365332538
0.71,8.25,0.02494083001716269,0.28352774120375357,0.15792666024823893
0.71,8.5,0.024860686263982214,0.2844504186642531,0.15767271883234021
0.71,8.75,0.02493314374135918,0.28047463659240895,0.15790232341976218
0.71,9,0.025285995273413357,0.2841177866639164,0.15901570763108075
0.71,9.25,0.026379714042044432,0.2905217358128016,0.16241833037574432
0.71,9.5,0.026687745106662074,0.2920971038406706,0.16336384271515553
0.71,9.75,0.027565272333286126,0.29667649050630845,0.16602792636567537
0.71,10,0.028129356488997656,0.2996581780460438,0.16771808635027308
0.71,10.25,0.0284371038759573,0.30116742758113857,0.16863304502960652
0.71,10.5,0.02895216355339152,0.300168168094564,0.17015335304774784
0.78,3,0.02070136116120998,0.2652412999338752,0.1438796759838233
0.78,3.25,0.021396337663934915,0.26900076094229314,0.14627487024070443
0.78,3.5,0.0215304052436709,0.2679298821134445,0.1467324273760606
0.78,3.75,0.021248129791131987,0.26794034317371207,0.14576738246649004
0.78,4,0.021797995186069334,0.270234690818756,0.1476414412895964
0.78,4.25,0.022087333847026054,0.272082269885504,0.1486180804849331
0.78,4.5,0.0228445802603063,0.27677349104762844,0.15114423660962498
0.78,4.75,0.02295732124949746,0.2764541463147172,0.15151673587263376
0.78,5,0.022863168230097056,0.2752516417821807,0.15120571493861287
0.78,5.25,0.023199736834435977,0.27409041155021086,0.15231459823154173
0.78,5.5,0.02323936938494512,0.2770216916241638,0.15244464367417151
0.78,5.75,0.023496242632295473,0.2762313893040932,0.1532848414954834
0.78,6,0.02367895980086694,0.2795136059895391,0.15387969262013407
0.78,6.25,0.024181780075474835,0.28048279784548635,0.15550491977900519
0.78,6.5,0.024530985403234527,0.2806338436158737,0.15662370638966033
0.78,6.75,0.024861886644977044,0.2839670373394982,0.15767652534533175
0.78,7,0.025061204602367014,0.2848196737864554,0.1583073106409398
0.78,7.25,0.025318720650839125,0.28490451037472875,0.15911857418553976
0.78,7.5,0.025857612386984027,0.2867438851004442,0.16080302356294182
0.78,7.75,0.0267456668316447,0.293346233461866,0.1635410249192682
0.78,8,0.02636728362975205,0.2891744765886383,0.162380059212183
0.78,8.25,0.02726277274813885,0.29414743019009865,0.1651144231983955
0.78,8.5,0.027262269599045413,0.29231647497610314,0.165112899553746
0.78,8.75,0.02783836963482631,0.29757872103206,0.1668483432187036
0.78,9,0.028812376815723573,0.30332759546362903,0.16974208911087307
0.78,9.25,0.028667585093293983,0.2995012824984703,0.16931504686026574
0.78,9.5,0.029365112659852657,0.30479908896078245,0.17136251824670604
0.78,9.75,0.03056989217110519,0.31157149411502955,0.17484247816564827
0.78,10,0.03092732520278062,0.3090259520768903,0.17586166496078848
0.78,10.25,0.03151043739606151,0.31142725732321236,0.1775117950899644
0.78,10.5,0.03219584240683934,0.31556897328286987,0.17943199939486643
0.85,3,0.02583230887578802,0.29218184325026836,0.16072432571265627
0.85,3.25,0.02599598553798895,0.2967353016108871,0.16123270616716992
0.85,3.5,0.026071226612169332,0.2945920781671356,0.16146586825756498
0.85,3.75,0.026556793587089202,0.29852977398541386,0.1629625527140797
0.85,4,0.027046977857214445,0.29895414874238824,0.16445965419279723
0.85,4.25,0.027477779603428107,0.3000090628332973,0.16576422896218626
0.85,4.5,0.027218130914343164,0.29704094471943726,0.16497918327577926
0.85,4.75,0.02731999338163561,0.29913283100728355,0.16528760807040438
0.85,5,0.027585868988336072,0.2979105996317682,0.1660899424659304
0.85,5.25,0.027845299879445045,0.302440857226407,0.16686911002173244
0.85,5.5,0.028084018534032945,0.3034421961311454,0.16758287064623564
0.85,5.75,0.028221691218761568,0.3039267917590351,0.16799312848673773
0.85,6,0.02886093861639564,0.30728371801716303,0.1698850747311124
0.85,6.25,0.028502620631821192,0.30262251336504997,0.16882719162451643
0.85,6.5,0.029293039441320307,0.30624337037600685,0.1711520944695691
0.85,6.75,0.029454608434461554,0.30606870304466266,0.17162344954714537
0.85,7,0.029705292240819116,0.306486536390972,0.1723522330601467
0.85,7.25,0.03032793495154642,0.3086287254476326,0.17414917442108768
0.85,7.5,0.030285758147501857,0.30660896656217757,0.17402803839468473
0.85,7.75,0.030585948020652873,0.31138690057370927,0.17488838732360956
0.85,8,0.031449778908971826,0.31729450375896967,0.17734085516025863
0.85,8.25,0.03134267720864286,0.3123724186639545,0.17703863196670624
0.85,8.5,0.031809699065292865,0.31442536173299473,0.1783527377566514
0.85,8.75,0.03257815134063869,0.31731191753945004,0.1804941864455437
0.85,9,0.03278281751753271,0.3176093550927293,0.1810602593545384
0.85,9.25,0.03332129541637566,0.32003599948995165,0.18254121566477982
0.85,9.5,0.03376993824092165,0.3221135378340005,0.1837659877151418
0.85,9.75,0.03471875139276664,0.32492696472202537,0.18632968467951272
0.85,10,0.03477304505335255,0.32290851986572067,0.1864753202259016
0.85,10.25,0.03486320837821036,0.32359840206813417,0.18671692043896385
0.85,10.5,0.0355114241196446,0.3275154201525643,0.18844475084131318
0.92,3,0.034101139810234056,0.32796158709174256,0.18466493930964278
0.92,3.25,0.034258268185974675,0.33002578885984696,0.18508989217667904
0.92,3.5,0.03511842434775946,0.3353658782796981,0.18739910444759192
0.92,3.75,0.03428131218905884,0.32635052524982905,0.185152132553365
0.92,4,0.03443741068047525,0.3267767275773783,0.18557319494063587
0.92,4.25,0.03451158892544716,0.32753690223398196,0.18577294992933488
0.92,4.5,0.034149371427714965,0.32248582839214085,0.18479548540945195
0.92,4.75,0.03531200431092894,0.3317335638011283,0.1879148858151715
0.92,5,0.034147466649237575,0.3240423466570214,0.1847903315902582
0.92,5.25,0.03494693017943914,0.32751185590337883,0.1869409804709474
0.92,5.5,0.03481846309043993,0.3285003487688424,0.1865970607765297
0.92,5.75,0.03528365052188027,0.32928712485299905,0.18783942749561464
0.92,6,0.035280932735908745,0.32348177389318944,0.18783219302321086
0.92,6.25,0.03575089578523075,0.3292341872693931,0.18907907283787584
0.92,6.5,0.036327294913933016,0.33110283496309695,0.1905972059447174
0.92,6.75,0.035876389446907075,0.32766494054515544,0.18941063710073697
0.92,7,0.03679934764116253,0.33451326195861397,0.19183156059721385
0.92,7.25,0.03560765190104025,0.3239921269053013,0.1886998990488343
0.92,7.5,0.036666580842673345,0.33338588489120086,0.19148519745054277
0.92,7.75,0.0372443083877924,0.329415999806348,0.1929878451814839
0.92,8,0.03698906607061635,0.33046649934201744,0.19232541712060927
0.92,8.25,0.0375816897086965,0.3346845171339289,0.19385997448853773
0.92,8.5,0.03754935368293015,0.3318582947013945,0.19377655607149732
0.92,8.75,0.03789613315402494,0.33272811454366297,0.19466929175919076
0.92,9,0.03801669497200747,0.3307035991329986,0.194978703893547
0.92,9.25,0.03864706595074946,0.33631506347508605,0.1965885702444307
0.92,9.5,0.03857326368662031,0.3340621048941526,0.19640077313142204
0.92,9.75,0.03911527846330584,0.3370061467868045,0.1977758288146098
0.92,10,0.03933236527738145,0.33557909248806683,0.19832388983020036
0.92,10.25,0.03925968082610844,0.33672164890087847,0.19814055825627533
0.92,10.5,0.039813895949332115,0.3373583000796191,0.19953419744327566
0.99,3,0.04584245174967798,0.36224367191379925,0.2141085046178175
0.99,3.25,0.045224768814305975,0.357951678992016,0.21266115962795362
0.99,3.5,0.04557052682527021,0.3621122564024956,0.21347254349276445
0.99,3.75,0.04554930832538176,0.3601424503921776,0.21342283927776276
0.99,4,0.04576285593828144,0.36113219541034797,0.2139225465870333
0.99,4.25,0.04580306677202254,0.3598784582855351,0.21401651051267642
0.99,4.5,0.04547650046801396,0.35842649301308327,0.21325219921026362
0.99,4.75,0.04556080625035784,0.35772195172048,0.21344977453808153
0.99,5,0.04558986121294384,0.3582401139819864,0.21351782411064385
0.99,5.25,0.0452547952801533,0.35586497152772584,0.2127317448810903
0.99,5.5,0.04549468879469258,0.35901059864195606,0.21329484005641716
0.99,5.75,0.04556941866942357,0.35707070710183714,0.21346994793043722
0.99,6,0.04561572416901983,0.35400638715681243,0.2135783794512446
0.99,6.25,0.04514946410978903,0.3544752470499205,0.21248403259960272
0.99,6.5,0.045497880830197124,0.35457371160506423,0.2133023226085387
0.99,6.75,0.0453241509984361,0.35067075711698775,0.2128946946225671
0.99,7,0.04544510356562097,0.35455987264796046,0.21317857201327944
0.99,7.25,0.045155292796663755,0.3532877217925496,0.21249774774492025
0.99,7.5,0.04563412738078789,0.3554495198867641,0.21362145814685352
0.99,7.75,0.04522072238882972,0.35259343621572914,0.21265164562925376
0.99,8,0.04543711186986829,0.35531542184047393,0.2131598270544154
0.99,8.25,0.04541313753916385,0.3491914023346266,0.21310358405987415
0.99,8.5,0.04514642075072484,0.3507149053231475,0.21247687109594973
0.99,8.75,0.04518921118509456,0.35226136154501975,0.212577541582112
0.99,9,0.04492135618916778,0.34861793431806665,0.2119465880573872
0.99,9.25,0.04506301697669417,0.35060096913369837,0.21228051483048124
0.99,9.5,0.04538326913336479,0.35405615464986534,0.21303349298494073
0.99,9.75,0.045418793038836,0.35105045200562845,0.21311685301457509
0.99,10,0.04499269490360994,0.3487228821714834,0.21211481537980778
0.99,10.25,0.045314270796338825,0.3501560157854305,0.21287148892310315
0.99,10.5,0.04476802154394951,0.35015156963560556,0.21158454939798774
